submit_time,duration,cpu,memory,job_id,task_id,instances_num,disk,response_time,type
0,154.00514897945595,0.21232233798367833,0.2827280941807449,1,1,27,0,0,2
0,224.71017387246113,0.2437364182288816,0.22304495191907106,1,2,22,0,0,2
0,48.77463090957863,0.24676053087890068,0.22433828217626517,1,3,34,0,0,2
0,117.8628779422054,0.2220642267576459,0.2610881737076449,1,4,22,0,0,2
0,674.1599676152372,0.2230235508163033,0.28891606852805835,1,5,32,0,0,2
0,621.7429814274697,0.25964769378664254,0.2683308738171832,2,1,5,0,0,2
0,293.55886207431985,0.2121955171968766,0.29488360712242123,2,2,36,0,0,2

