response_time,submit_time,duration,cpu,memory,job_id,task_id,instances_num,disk,type
0,300,454.00514897945595,0.8791983159229342,0.19980457074356356,3,1,2,0,0
0,360,424.71017387246113,0.6981910705573635,0.1961484554409183,3,2,2,0,0
1,360,548.77463090957863,0.2535490592332447,0.05351179888929367,3,3,3,0,0
0,360,617.86287794220539,0.6977348116885984,0.002639771650845435,3,4,3,0,0
0,360,774.1599676152372,0.40787399172311933,0.12746444511457278,3,5,3,0,0
0,360,721.7429814274697,0.8780979589752029,0.19986952162911703,4,1,3,0,1
0,360,706.55886207431985,0.5688155777517352,0.1419939254541169,4,2,4,0,1
0,360,757.8279535300262,0.9484457189326474,0.05195980456321662,4,3,4,0,1
0,360,770.622324719056518,0.6735809616138073,0.039724725510538995,4,4,5,0,1