Number of episodes,Total_runtime,Avg energy consumption cost of machines in €,Overall energy consumption cost of machines in €,Avg response time of completed task instances,Avg util of Near Edge cluster,Avg util of Far Edge cluster,Avg util of Cloud cluster,Avg response time of Near Edge cluster, Avg response time of Far Edge cluster, Avg response time of Cloud cluster
FirstFit,360,104.71499999999972,7539.479999999993,219.9356917726334,0.3607621613822834, 0.2947140230545343, 0.16724816280767626,243.41884073911133, 219.499898275528, 197.05708929788684
BestFit,320,104.71499999999972,6701.76567802,212.4986867290515,0.37656909791174153, 0.32876058362268523, 0.2093382601457841,209.9098202247191, 218.4253734356076, 199.81054421768708
var_e,235,160.4804972727271,7542.58337182,166.37112218370885,0.50267106039114544, 0.42681961237373736, 0.2030358862024501,146.70628006413683, 156.33609437468326, 172.99170944838886
var_e,275,126.8003454545451,6974.018999999977,214.82972726165835,0.4097300217064259, 0.3893365672348485, 0.23595437728347307,189.52567567567567, 202.57356525763653, 222.64853798329125
var_e,485,66.39146907216478,6439.972499999991,378.0112356792144,0.1492026432453511, 0.2720580720217641, 0.29352347590845946,254.61314357471747, 348.96778059175986, 327.63147144643601
0.4_e,230,180.1553282608693,8287.145099999989,162.04709636247608,0.62865248304039477, 0.3677767661156401, 0.202263816939048,154.57759336099584, 166.15906260242543, 194.85496548924077
0.4_e,255,118.08081764705844,6022.1217,219.6516037063435,0.4109427228480044, 0.37844292313453154, 0.2614613264265518,189.40676539265085, 207.38052195526097, 218.41917617589759
0.4_e,630,61.04310719178066,7691.43150616,334.0799388523048,0.04404982229022962, 0.07197010916095891, 0.2131100690598789,197.229889178618, 300.1860734811166, 321.4741490535608
