Number of episodes,Total_runtime,Avg cost of machines in €,Overall cost of machines in €,Avg response time of completed task instances,Avg util of Near Edge cluster,Avg util of Far Edge cluster,Avg util of Cloud cluster,Avg response time of Near Edge cluster, Avg response time of Far Edge cluster, Avg response time of Cloud cluster,System_specs,Avg energy consumption cost of machines in $,Overall energy consumption cost of machines in $,Avg util of each cluster,Avg response time of each cluster
FirstFit,360,0.01884869999999995,1.3571059999999987,219.9356917726334,0.3607621613822834,0.2947140230545343,0.1672481628076762,243.41884073911132,219.499898275528,197.05708929788685
BestFit,320,0.01884869999999995,1.2063178220435998,212.4986867290515,0.3765690979117415,0.3287605836226852,0.2093382601457841,209.9098202247191,218.4253734356076,199.81054421768707
var_e,235,0.028886489509090878,1.3576650069287998,166.37112218370885,0.5026710603911454,0.4268196123737373,0.2830358862024501,146.70628006413685,156.33609437468326,172.99170944838886
var_e,275,0.02282406218181812,1.2553234199999959,214.82972726165835,0.4097300217064259,0.3893365672348485,0.235954377283473,189.52567567567567,202.57356525763652,222.64853798329125
var_e,485,0.011950464432989662,1.1591950499999984,378.0112356792144,0.2492026432453511,0.2720580720217641,0.2935234759084594,254.61314357471747,348.96778059175983,327.631471446436
0.4_e,230,0.03242795908695667,1.491686117999998,162.04709636247608,0.6286524830403947,0.3677767661156401,0.252263816939048,154.57759336099585,166.15906260242545,194.85496548924075
0.4_e,255,0.02125454699999962,1.083981906,219.6516037063435,0.4109427228480044,0.3784429231345315,0.2614613264265518,189.40676539265084,207.38052195526097,218.4191761758976
0.4_e,630,0.01098775929452052,1.3844576711088,334.0799388523048,0.12440498222902296,0.1919701091609589,0.2131100690598789,197.229889178618,300.1860734811166,321.4741490535608
